student_number,hw,lecture,lab,mp,exam,quiz
0,100.0,100.0,100.0,100.0,100.0,100.0
1,99.62,96.77,100.0,100.0,92.33,93.83
2,90.25,61.29,66.67,99.0,98.67,88.67
3,89.87,80.65,100.0,77.0,90.0,86.83
4,72.28,83.87,75.0,37.0,88.0,78.67
5,100.0,96.77,100.0,84.0,86.67,88.17
6,98.73,96.77,100.0,102.0,98.0,94.42
7,96.84,100.0,100.0,100.0,96.67,95.42
8,89.37,74.19,83.33,82.0,50.0,75.83
9,99.62,96.77,100.0,104.0,92.67,92.92
10,97.97,100.0,100.0,104.0,97.33,96.0
11,99.62,96.77,100.0,80.0,90.0,87.75
12,97.09,83.87,100.0,78.0,98.67,95.17
13,10.0,0.0,0.0,102.0,6.0,0.67
14,90.76,90.32,91.67,91.6,94.67,86.08
15,71.9,67.74,75.0,70.0,47.67,66.5
16,44.18,9.68,41.67,18.0,30.0,30.17
17,48.1,41.94,50.0,4.0,22.67,53.17
18,99.49,93.55,91.67,80.0,93.33,87.83
19,97.97,83.87,91.67,74.0,98.0,91.33
20,91.39,77.42,83.33,76.0,94.67,83.67
21,92.41,80.65,91.67,68.0,62.0,76.17
22,91.01,80.65,66.67,80.0,80.0,85.42
23,85.7,90.32,100.0,56.0,95.33,87.67
24,88.23,80.65,75.0,81.0,98.67,86.0
25,97.85,93.55,100.0,90.0,90.67,85.08
26,88.1,83.87,91.67,77.6,98.0,85.5
27,100.0,74.19,91.67,100.0,98.67,95.58
28,83.8,41.94,83.33,68.6,23.33,51.17
29,83.8,61.29,50.0,62.2,78.67,49.75
30,99.37,96.77,100.0,104.0,98.0,91.75
31,88.23,96.77,91.67,76.0,92.67,85.5
32,76.2,77.42,100.0,58.0,70.33,70.67
33,93.04,93.55,100.0,94.0,71.0,83.33
34,35.44,16.13,25.0,16.0,11.0,22.75
35,97.59,87.1,91.67,56.0,49.33,67.33
36,95.82,93.55,100.0,84.0,95.33,93.75
37,27.47,12.9,16.67,0.0,10.67,27.58
38,54.3,35.48,33.33,28.0,22.67,42.08
39,26.58,16.13,8.33,0.0,0.0,23.5
40,89.87,93.55,83.33,90.0,97.33,93.92
41,58.61,12.9,83.33,84.0,56.0,67.25
42,91.39,74.19,91.67,80.0,90.67,87.58
43,75.82,61.29,83.33,67.0,94.0,78.92
44,51.39,25.81,41.67,40.0,32.67,47.5
45,91.01,90.32,91.67,77.0,61.33,73.0
46,93.67,83.87,100.0,80.0,72.33,81.5
47,94.05,77.42,83.33,96.0,100.0,94.17
48,95.32,80.65,100.0,84.0,66.0,79.42
49,93.16,74.19,75.0,85.6,94.0,86.5
50,80.25,64.52,83.33,74.0,95.33,82.67
51,84.68,90.32,100.0,76.0,77.67,85.5
52,76.71,61.29,83.33,70.0,90.67,87.5
53,99.11,90.32,100.0,84.0,92.67,93.0
54,97.59,90.32,100.0,80.0,94.67,90.67
55,99.49,83.87,83.33,93.0,92.67,83.0
56,99.37,96.77,83.33,104.0,100.0,97.67
57,93.67,74.19,91.67,68.0,90.67,85.92
58,73.04,38.71,66.67,79.6,74.67,73.5
59,90.0,74.19,100.0,78.0,95.33,87.42
60,97.47,93.55,100.0,80.0,95.33,87.33
61,99.62,67.74,100.0,74.0,87.33,90.0
62,75.44,90.32,75.0,78.0,44.67,74.33
63,92.28,93.55,100.0,89.0,71.33,73.33
64,50.51,3.23,25.0,18.0,0.0,38.08
65,95.32,38.71,100.0,80.0,94.0,94.08
66,98.1,61.29,100.0,90.0,95.0,90.08
67,94.3,83.87,100.0,80.0,83.33,90.58
68,89.24,74.19,83.33,80.0,92.0,85.0
69,97.97,96.77,100.0,80.0,89.33,92.42
70,93.54,70.97,100.0,84.0,82.67,85.75
71,88.61,80.65,100.0,80.0,92.67,93.75
72,94.68,80.65,100.0,84.0,76.0,82.17
73,82.53,64.52,91.67,84.0,87.33,87.08
74,93.29,61.29,75.0,93.0,92.67,71.5
75,94.05,80.65,83.33,78.0,62.67,78.0
76,84.05,67.74,91.67,72.0,94.33,90.17
77,53.92,51.61,58.33,20.0,59.33,62.58
78,92.15,77.42,91.67,96.0,85.67,83.42
79,88.1,80.65,91.67,85.6,94.0,79.92
80,84.68,87.1,100.0,74.0,88.67,77.5
81,70.0,48.39,91.67,58.0,50.0,66.5
82,89.75,87.1,91.67,80.0,88.0,81.42
83,97.47,58.06,100.0,86.0,94.67,90.25
84,98.73,90.32,83.33,96.0,93.33,93.5
85,96.2,48.39,100.0,98.0,97.33,95.33
86,36.46,3.23,58.33,46.0,40.67,34.0
87,91.01,67.74,91.67,76.0,92.0,86.92
88,98.73,93.55,100.0,104.0,89.33,85.75
89,94.3,87.1,91.67,82.0,89.33,81.17
90,97.47,80.65,100.0,78.0,77.67,87.08
91,95.95,93.55,100.0,80.0,63.0,74.58
92,93.04,87.1,100.0,78.0,61.67,82.33
93,65.32,54.84,100.0,91.0,92.33,77.25
94,88.86,96.77,100.0,80.0,89.67,90.33
95,96.71,93.55,100.0,80.0,86.67,90.5
96,93.97,80.65,100.0,81.0,94.67,88.75
97,40.0,22.58,41.67,8.0,28.67,19.92
98,98.23,87.1,100.0,80.0,95.67,91.5
99,82.41,83.87,91.67,78.0,96.67,88.67
100,23.29,9.68,8.33,0.0,0.0,27.83
101,99.11,87.1,100.0,81.0,100.0,96.83
102,96.2,87.1,100.0,90.0,94.67,76.58
103,84.43,64.52,100.0,78.0,92.0,82.25
104,83.42,58.06,91.67,94.0,96.67,93.83
105,32.91,6.45,16.67,12.0,14.67,20.92
106,96.2,100.0,100.0,56.6,89.33,74.42
107,100.0,83.87,91.67,84.0,94.67,92.08
108,92.15,74.19,91.67,92.0,82.0,92.08
109,86.58,54.84,91.67,94.0,96.67,92.42
110,82.78,58.06,83.33,76.0,81.33,80.17
111,93.67,70.97,100.0,80.0,86.0,88.58
112,89.87,100.0,91.67,72.0,33.67,56.08
113,53.04,9.68,41.67,33.0,14.0,45.08
114,94.94,93.55,91.67,80.0,82.67,83.33
115,97.59,87.1,100.0,80.0,85.33,84.75
116,98.73,90.32,100.0,104.0,98.0,95.0
117,37.97,9.68,8.33,0.0,27.33,38.25
118,98.73,100.0,100.0,80.0,96.0,94.5
119,94.43,80.65,100.0,78.0,93.33,91.75
120,95.32,80.65,100.0,102.0,96.67,88.83
121,96.96,96.77,100.0,76.0,81.67,76.67
122,92.28,87.1,91.67,81.0,63.0,71.58
123,86.33,90.32,91.67,72.0,80.67,74.83
124,90.63,58.06,91.67,78.0,98.0,90.5
125,98.1,74.19,91.67,82.0,86.67,83.33
126,97.72,77.42,75.0,104.0,98.0,90.25
127,100.0,96.77,100.0,104.0,95.67,96.67
128,94.94,83.87,100.0,104.0,97.33,93.33
129,95.7,90.32,91.67,99.0,88.67,79.0
130,35.44,16.13,41.67,30.0,24.33,29.92
131,93.54,93.55,83.33,102.0,97.33,90.25
132,93.92,93.55,100.0,95.0,46.67,62.08
133,100.0,93.55,83.33,101.6,86.67,92.5
134,97.47,83.87,100.0,75.0,90.0,91.25
135,75.32,67.74,83.33,82.0,82.0,89.42
136,43.42,29.03,33.33,20.0,20.0,30.42
137,37.97,19.35,25.0,18.0,12.0,18.92
138,100.0,90.32,83.33,104.0,99.33,95.83
139,92.66,87.1,91.67,76.0,92.0,91.0
140,61.9,3.23,83.33,60.0,96.0,75.17
141,93.54,83.87,83.33,93.0,57.0,73.75
142,89.24,61.29,100.0,88.0,99.33,95.17
143,94.94,90.32,100.0,79.6,86.0,86.0
144,86.46,90.32,100.0,59.0,76.0,75.33
145,92.78,61.29,100.0,77.0,97.33,85.75
146,61.14,58.06,100.0,22.0,81.67,72.08
147,92.28,87.1,83.33,94.0,95.33,92.83
148,85.7,67.74,100.0,76.0,88.67,82.33
149,99.87,90.32,91.67,80.0,96.67,92.33
150,92.91,74.19,83.33,82.0,96.0,86.33
151,98.61,96.77,100.0,102.0,89.33,89.42
152,89.75,87.1,100.0,69.0,46.67,60.0
153,50.63,54.84,41.67,35.0,62.67,76.08
154,94.43,83.87,91.67,85.0,96.67,93.0
155,93.54,58.06,100.0,80.0,98.67,93.58
156,91.39,87.1,100.0,84.0,83.33,72.5
157,52.53,41.94,50.0,18.0,25.33,48.33
158,93.8,54.84,100.0,60.0,91.0,72.42
159,93.42,80.65,75.0,84.0,94.67,86.33
160,96.58,96.77,100.0,84.0,96.0,90.08
161,86.46,87.1,100.0,79.0,90.67,86.25
162,100.0,100.0,100.0,86.0,98.0,96.5
163,62.03,70.97,91.67,25.0,86.0,76.08
164,95.7,96.77,100.0,96.0,97.33,86.75
165,86.71,41.94,83.33,39.0,59.33,64.5
166,91.9,87.1,91.67,76.0,86.0,80.17
167,67.34,19.35,83.33,63.0,50.0,65.83
168,95.19,100.0,75.0,78.0,92.0,85.17
169,96.96,100.0,100.0,80.0,94.67,93.5
170,89.11,74.19,83.33,96.0,96.0,91.17
171,92.28,70.97,100.0,82.0,76.67,79.67
172,91.14,87.1,91.67,78.0,80.0,81.08
173,93.8,61.29,100.0,88.0,76.67,76.75
174,83.04,83.87,91.67,80.0,88.0,82.67
175,84.56,83.87,91.67,16.6,74.0,80.5
176,98.35,90.32,100.0,78.0,92.67,90.0
177,98.23,87.1,91.67,88.0,98.0,90.42
178,42.53,29.03,33.33,28.0,23.33,34.42
179,92.41,80.65,100.0,74.0,92.0,91.25
180,96.96,93.55,91.67,84.0,82.0,92.0
181,98.48,90.32,83.33,69.0,74.67,83.0
182,99.24,90.32,91.67,80.0,94.67,90.92
183,94.81,77.42,100.0,84.0,89.33,90.08
184,91.52,83.87,83.33,83.0,78.67,75.58
185,97.47,96.77,100.0,80.0,98.0,90.33
186,96.58,90.32,100.0,80.0,91.33,89.5
187,97.47,96.77,100.0,90.0,86.0,80.92
188,94.81,83.87,100.0,78.0,96.0,88.25
189,92.91,80.65,100.0,80.0,86.33,85.67
190,94.94,93.55,83.33,96.0,96.0,86.33
191,98.35,67.74,91.67,83.0,81.33,91.08
192,85.82,80.65,83.33,82.0,54.67,82.83
193,91.27,87.1,91.67,82.0,78.0,84.0
194,76.71,70.97,91.67,43.0,93.33,89.58
195,99.87,93.55,100.0,79.6,66.33,82.83
196,100.0,100.0,100.0,103.0,94.0,92.5
197,97.09,38.71,75.0,104.0,98.0,86.08
198,91.77,90.32,91.67,74.0,83.0,80.67
199,60.38,90.32,91.67,38.0,91.0,87.83
200,93.54,80.65,91.67,84.0,85.0,86.67
201,93.67,80.65,91.67,75.6,93.33,89.5
202,86.08,35.48,83.33,76.0,86.0,81.17
203,98.35,77.42,100.0,81.0,84.33,87.33
204,79.24,38.71,75.0,60.6,78.0,56.58
205,96.96,77.42,100.0,81.0,98.0,90.0
206,96.2,80.65,75.0,96.0,97.33,88.25
207,91.65,80.65,100.0,84.0,86.0,85.33
208,94.18,70.97,91.67,78.0,89.33,89.42
209,92.53,74.19,100.0,90.0,84.67,82.08
210,64.68,61.29,100.0,26.0,91.33,74.83
211,96.96,87.1,91.67,80.0,93.0,93.08
212,99.87,90.32,91.67,80.0,94.67,95.25
213,40.38,16.13,25.0,18.0,32.0,36.75
214,40.51,25.81,25.0,28.0,21.67,27.75
215,83.16,67.74,83.33,78.0,94.67,83.08
216,93.04,83.87,91.67,74.0,94.0,89.42
217,99.75,90.32,91.67,104.0,96.67,89.17
218,91.9,74.19,100.0,78.0,74.0,79.08
219,98.35,83.87,100.0,101.6,97.33,94.92
220,42.03,22.58,25.0,30.0,18.67,31.58
221,96.46,87.1,91.67,83.0,86.67,86.5
222,91.01,61.29,75.0,80.0,90.0,85.58
223,98.35,90.32,91.67,82.0,89.33,78.17
224,24.68,16.13,16.67,0.0,0.0,26.83
225,93.29,83.87,91.67,84.0,94.67,92.25
226,98.73,96.77,91.67,97.0,98.67,95.33
227,97.47,90.32,100.0,96.0,87.33,91.92
228,94.05,83.87,100.0,101.6,88.0,87.25
229,94.18,70.97,100.0,76.0,87.33,87.58
230,90.13,83.87,91.67,74.0,58.0,67.83
231,16.46,6.45,16.67,0.0,0.0,20.08
232,93.42,96.77,91.67,78.0,94.0,87.0
233,80.89,83.87,100.0,82.2,88.67,87.67
234,40.76,25.81,33.33,20.0,27.33,20.92
235,94.43,74.19,100.0,80.0,89.33,89.67
236,98.48,96.77,91.67,104.0,91.0,92.0
237,92.28,54.84,75.0,88.0,51.33,67.17
238,92.15,77.42,91.67,85.0,67.33,70.83
239,88.86,87.1,100.0,80.0,92.67,90.33
240,91.14,77.42,100.0,80.0,81.0,86.5
241,92.03,90.32,100.0,98.0,96.0,88.75
242,99.37,87.1,100.0,84.0,92.67,91.92
243,99.37,93.55,91.67,104.0,98.67,94.0
244,32.91,16.13,25.0,22.0,14.0,27.42
245,76.33,54.84,100.0,81.0,90.0,88.83
246,35.44,12.9,25.0,0.0,14.67,26.83
247,76.96,74.19,91.67,73.0,59.67,70.83
248,95.82,90.32,100.0,80.0,98.0,93.0
249,96.2,70.97,83.33,80.0,89.0,77.42
250,97.47,80.65,100.0,82.0,91.33,91.42
251,85.57,83.87,100.0,93.0,75.0,81.33
252,91.14,74.19,75.0,76.6,82.67,70.08
253,41.39,22.58,33.33,30.0,18.0,27.5
254,96.08,87.1,91.67,80.0,92.0,87.17
255,8.86,0.0,0.0,0.0,0.0,15.42
256,90.63,61.29,100.0,84.0,93.33,81.67
257,96.2,93.55,83.33,84.0,48.67,68.33
258,37.34,22.58,33.33,30.0,11.33,24.0
259,85.95,83.87,91.67,87.6,97.33,89.08
260,82.91,100.0,100.0,75.6,90.0,88.0
261,99.62,29.03,41.67,104.0,99.33,90.42
262,97.34,96.77,100.0,84.0,94.0,95.33
263,24.81,6.45,16.67,12.0,0.0,19.17
264,91.77,80.65,83.33,80.0,88.0,76.5
265,97.09,61.29,100.0,84.0,98.67,95.75
266,88.48,90.32,91.67,74.6,83.67,81.42
267,91.01,87.1,91.67,80.0,92.0,90.08
268,48.86,45.16,50.0,16.0,25.67,49.92
269,87.72,74.19,83.33,84.0,93.33,86.92
270,97.27,90.32,100.0,78.0,94.67,90.83
271,96.96,38.71,100.0,62.2,52.67,78.08
272,93.16,64.52,83.33,78.6,91.33,81.08
273,94.81,80.65,75.0,85.0,93.33,83.42
274,90.13,67.74,91.67,78.0,92.0,83.75
275,95.06,83.87,100.0,96.0,91.33,75.33
276,95.57,70.97,83.33,68.0,96.67,94.58
277,31.65,6.45,16.67,10.0,0.0,24.33
278,90.38,87.1,100.0,78.0,82.67,87.92
279,93.16,80.65,100.0,78.0,89.33,79.25
280,23.29,6.45,16.67,0.0,0.0,18.33
281,40.51,12.9,25.0,22.0,10.0,25.83
282,93.67,83.87,91.67,84.0,97.33,90.58
283,98.73,83.87,100.0,84.0,94.67,89.83
284,54.3,51.61,66.67,20.0,45.33,42.83
285,90.76,61.29,83.33,89.0,69.33,72.42
286,94.43,100.0,100.0,82.0,88.0,88.75
287,93.67,87.1,100.0,98.0,90.67,87.0
288,84.18,83.87,100.0,85.0,90.0,84.67
289,91.01,87.1,100.0,84.0,69.0,73.92
290,82.78,41.94,33.33,59.0,89.33,78.42
291,30.38,22.58,33.33,0.0,24.0,30.75
292,25.32,6.45,8.33,0.0,0.0,21.42
293,90.89,93.55,100.0,100.0,68.67,82.83
294,88.23,41.94,83.33,59.0,79.67,77.5
295,92.41,87.1,100.0,98.6,96.67,95.33
296,93.16,74.19,83.33,80.0,91.67,82.42
297,39.24,22.58,25.0,12.0,29.33,24.25
298,84.56,74.19,91.67,64.0,94.0,80.0
299,88.61,87.1,100.0,78.0,76.67,79.42
300,98.73,87.1,100.0,104.0,99.33,94.08
301,92.41,83.87,100.0,81.0,92.67,81.58
302,53.67,38.71,41.67,35.0,27.67,47.58
303,74.3,45.16,91.67,84.0,89.0,76.0
304,71.27,70.97,75.0,90.6,82.0,52.58
305,87.72,80.65,83.33,76.0,91.33,78.0
306,99.62,80.65,100.0,84.0,98.67,94.58
307,98.23,93.55,100.0,78.0,71.67,80.25
308,92.91,93.55,100.0,80.0,96.67,88.25
309,79.62,80.65,100.0,66.0,42.0,53.92
310,64.81,25.81,66.67,43.0,48.67,66.5
311,91.77,87.1,91.67,96.0,98.0,90.33
312,18.86,0.0,0.0,0.0,0.0,15.5
313,97.59,83.87,100.0,84.0,84.0,86.25
314,3.8,35.48,8.33,0.0,26.0,11.83
315,14.56,6.45,8.33,0.0,0.0,18.5
316,93.16,67.74,100.0,69.0,90.67,83.33
317,96.2,93.55,100.0,84.0,87.0,89.83
318,95.57,58.06,100.0,78.0,96.67,84.42
319,43.42,25.81,33.33,18.0,26.67,36.25
320,96.2,74.19,91.67,80.0,85.33,86.25
321,42.28,25.81,33.33,29.0,15.33,27.08
322,94.43,80.65,100.0,78.0,95.33,83.25
323,97.85,90.32,83.33,104.0,94.0,88.92
324,92.91,80.65,66.67,96.0,94.0,89.42
325,96.33,90.32,100.0,84.0,99.33,91.33
326,82.15,22.58,66.67,78.0,96.0,86.25
327,93.16,96.77,91.67,88.0,87.33,79.17
328,100.0,90.32,100.0,76.0,92.67,92.33
329,80.51,45.16,91.67,85.0,68.67,74.92
330,92.78,90.32,100.0,80.0,99.33,95.0
331,90.13,74.19,75.0,94.0,90.67,88.67
332,87.22,90.32,100.0,96.0,80.0,84.0
333,36.71,16.13,25.0,18.0,18.0,27.08
334,94.81,100.0,83.33,78.0,82.67,88.17
335,90.76,80.65,91.67,80.0,65.33,82.92
336,96.71,80.65,75.0,89.0,99.33,91.5
337,39.75,29.03,16.67,0.0,47.33,50.33
338,90.51,87.1,75.0,74.0,64.0,72.33
339,97.34,90.32,100.0,80.0,86.67,90.17
340,13.04,12.9,25.0,0.0,0.0,20.33
341,98.99,93.55,75.0,95.0,82.0,85.92
342,98.73,93.55,91.67,80.0,90.0,89.25
343,94.3,80.65,91.67,81.0,75.33,73.67
344,57.85,87.1,100.0,9.0,34.67,58.0
345,76.33,77.42,83.33,84.0,94.67,76.42
346,80.38,54.84,91.67,104.0,94.67,81.17
347,94.81,61.29,91.67,102.0,90.0,86.92
348,40.38,22.58,25.0,20.0,12.67,25.17
349,92.15,74.19,83.33,92.0,76.67,82.92
350,82.78,54.84,91.67,83.0,68.0,73.42
351,94.94,77.42,91.67,104.0,96.67,96.25
352,86.84,41.94,83.33,78.0,98.67,77.67
353,95.95,96.77,100.0,80.0,60.0,70.42
354,99.62,77.42,91.67,80.0,98.0,94.0
355,56.84,41.94,50.0,37.6,19.33,40.58
356,93.67,67.74,100.0,84.0,90.67,94.17
357,94.81,80.65,83.33,93.0,90.0,70.33
358,98.23,93.55,100.0,100.0,46.33,69.42
359,75.32,38.71,75.0,70.6,85.33,83.25
360,89.11,64.52,75.0,76.0,74.67,73.08
361,38.61,19.35,41.67,30.0,8.67,23.58
362,16.46,16.13,8.33,0.0,0.0,18.17
363,92.41,83.87,91.67,100.0,94.67,82.25
364,93.42,70.97,100.0,78.0,96.67,89.75
365,35.19,19.35,25.0,20.0,23.33,29.33
366,25.57,3.23,8.33,0.0,0.0,16.83
367,47.59,35.48,41.67,33.0,32.67,47.08
368,90.13,77.42,83.33,80.0,87.33,91.92
369,96.96,93.55,100.0,80.0,80.0,85.92
370,38.73,38.71,58.33,51.0,69.33,59.83
371,88.99,83.87,83.33,81.0,94.0,93.75
372,86.84,90.32,100.0,93.0,84.0,84.67
373,97.47,90.32,83.33,84.0,98.0,92.5
374,86.71,74.19,83.33,72.0,94.67,88.42
375,93.54,96.77,91.67,97.0,41.33,63.42
376,85.32,80.65,100.0,90.0,90.0,83.17
377,80.25,74.19,91.67,84.0,95.0,91.58
378,94.43,80.65,100.0,78.0,93.33,88.25
379,89.87,67.74,91.67,86.0,85.67,90.67
380,98.99,100.0,100.0,82.0,82.67,84.08
381,97.01,100.0,100.0,92.0,98.67,93.67
382,97.09,87.1,100.0,96.0,98.67,91.83
383,97.72,80.65,100.0,75.0,60.67,83.17
384,89.75,83.87,91.67,74.0,94.0,89.83
385,95.32,87.1,83.33,102.0,84.67,85.0
386,34.68,12.9,16.67,0.0,30.67,13.08
387,98.1,96.77,100.0,84.0,73.67,73.08
388,77.09,74.19,83.33,85.0,84.67,79.17
389,79.49,80.65,75.0,92.6,71.67,70.67
390,80.89,25.81,66.67,77.0,86.67,80.5
391,91.01,96.77,100.0,78.0,49.33,71.42
392,30.76,12.9,16.67,10.0,0.0,28.17
393,96.71,90.32,100.0,80.0,97.33,92.33
394,93.04,48.39,58.33,84.0,91.33,93.5
395,93.29,77.42,100.0,80.0,77.33,66.67
396,97.47,80.65,91.67,104.0,96.67,90.25
397,100.0,74.19,91.67,104.0,99.33,97.08
398,53.92,38.71,50.0,29.0,21.33,47.58
399,93.54,90.32,100.0,77.0,88.67,86.83
400,79.37,83.87,100.0,72.0,80.67,80.5
401,84.94,41.94,66.67,90.0,94.0,85.67
402,99.49,74.19,91.67,104.0,84.67,85.17
403,95.7,96.77,91.67,78.0,93.33,91.17
404,91.14,51.61,75.0,22.0,86.67,84.5
405,27.22,12.9,8.33,18.0,0.0,23.83
406,94.94,54.84,83.33,82.0,76.0,78.67
407,92.78,80.65,100.0,84.0,94.0,84.17
408,92.91,93.55,100.0,78.0,91.33,92.08
409,91.39,58.06,83.33,101.0,95.33,88.33
410,88.61,74.19,75.0,93.0,84.67,80.0
411,95.82,87.1,91.67,84.0,80.67,76.0
412,51.9,29.03,41.67,43.0,30.67,47.75
413,69.62,83.87,100.0,87.0,68.0,74.0
414,78.1,58.06,58.33,31.0,75.33,77.25
415,98.35,93.55,100.0,84.0,98.0,94.17
416,82.03,100.0,91.67,81.0,56.33,65.08
417,93.29,83.87,75.0,91.0,97.33,87.92
418,73.04,41.94,83.33,81.0,34.67,62.33
419,96.84,93.55,100.0,89.0,94.67,91.83
420,100.0,87.1,91.67,104.0,59.67,90.92
421,91.52,87.1,91.67,85.0,92.0,91.25
422,96.08,58.06,100.0,104.0,94.67,91.33
423,39.62,25.81,25.0,0.0,18.67,23.58
424,90.76,74.19,100.0,74.0,93.33,88.17
425,89.62,83.87,100.0,66.6,92.67,93.83
426,83.04,29.03,100.0,62.0,78.67,84.83
427,90.25,61.29,58.33,78.0,36.0,63.58
428,95.7,77.42,83.33,96.0,89.33,86.0
429,40.0,48.39,41.67,35.0,48.0,59.83
430,92.28,87.1,91.67,99.6,87.33,85.67
431,85.06,61.29,100.0,97.0,84.0,77.08
432,90.76,74.19,83.33,65.0,70.67,82.92
433,97.97,83.87,91.67,92.0,95.33,91.92
434,86.71,29.03,66.67,79.0,83.33,79.67
435,68.73,35.48,66.67,36.0,78.67,78.17
436,91.14,87.1,100.0,82.0,94.67,87.58
437,84.3,41.94,91.67,95.0,95.33,85.42
438,90.51,70.97,91.67,82.0,96.67,93.17
439,46.33,16.13,33.33,16.0,30.67,37.83
440,30.76,38.71,41.67,18.0,12.67,31.08
441,96.33,80.65,100.0,100.0,94.67,88.92
442,95.57,51.61,91.67,78.0,62.67,79.5
443,26.58,3.23,8.33,0.0,0.0,21.5
444,100.0,87.1,100.0,104.0,98.67,92.17
445,82.28,83.87,100.0,91.0,76.33,82.83
446,92.41,70.97,100.0,76.6,76.33,80.75
447,97.09,70.97,100.0,98.0,95.33,90.5
448,87.22,80.65,91.67,82.0,97.33,85.5
449,91.9,87.1,100.0,82.0,82.0,82.0
450,93.54,83.87,66.67,17.0,94.67,82.58
451,77.22,64.52,58.33,60.0,66.67,72.75
452,63.16,48.39,100.0,71.2,76.0,82.58
453,80.51,70.97,100.0,86.0,89.33,90.92
454,96.46,80.65,100.0,78.0,86.0,88.58
455,16.46,0.0,8.33,0.0,0.0,20.0
456,98.23,74.19,91.67,96.0,96.67,92.25
457,93.42,93.55,100.0,82.0,87.33,91.5
458,90.13,74.19,91.67,86.0,84.67,87.42
459,84.3,74.19,58.33,76.0,25.33,54.0
460,91.65,64.52,91.67,78.0,98.0,94.17
461,97.34,100.0,100.0,84.0,92.67,90.0
462,98.86,93.55,100.0,80.0,76.0,90.75
463,17.72,0.0,0.0,0.0,0.0,15.17
464,94.43,80.65,100.0,74.0,50.33,67.83
465,89.24,74.19,91.67,78.0,93.33,86.25
466,98.61,90.32,91.67,80.0,98.67,95.83
467,79.37,38.71,91.67,89.0,97.33,89.17
468,88.61,41.94,91.67,102.0,97.33,85.0
469,85.95,41.94,83.33,72.0,62.33,78.58
470,94.81,77.42,91.67,82.0,76.33,77.42
471,88.73,87.1,100.0,76.0,92.67,86.17
472,96.71,77.42,100.0,78.0,78.0,82.08
473,68.48,29.03,83.33,63.0,55.0,60.92
474,85.95,51.61,83.33,78.0,69.67,79.25
475,95.82,87.1,100.0,78.0,66.67,78.58
476,98.73,80.65,91.67,98.0,98.67,92.25
477,96.46,90.32,100.0,80.0,60.0,80.58
478,23.67,3.23,8.33,0.0,0.0,21.0
479,92.41,77.42,91.67,80.0,90.67,90.83
480,97.34,90.32,100.0,85.6,75.67,71.92
481,95.7,80.65,100.0,98.0,98.67,94.83
482,39.24,22.58,41.67,20.0,27.0,32.08
483,95.19,93.55,91.67,83.0,86.33,90.5
484,94.94,87.1,91.67,84.0,90.0,80.75
485,100.0,83.87,100.0,84.0,100.0,96.67
486,82.53,93.55,91.67,39.0,57.67,78.75
487,87.22,93.55,83.33,72.0,81.67,85.0
488,92.66,80.65,83.33,80.0,84.0,90.92
489,37.09,54.84,66.67,25.0,31.33,62.58
490,99.62,87.1,100.0,80.0,85.33,88.67
491,92.41,90.32,91.67,76.0,74.0,78.67
492,93.54,93.55,100.0,78.0,84.33,86.0
493,87.47,80.65,83.33,78.0,66.33,68.42
494,30.0,16.13,16.67,10.0,0.0,27.58
495,17.72,0.0,0.0,0.0,0.0,15.75
496,88.86,83.87,100.0,78.0,91.33,83.75
497,90.43,51.61,83.33,60.0,94.67,90.92
498,89.24,77.42,83.33,92.0,41.67,59.33
499,96.08,93.55,100.0,78.0,99.33,85.83
500,86.33,64.52,75.0,70.0,51.33,62.92
501,96.96,87.1,100.0,80.0,96.0,88.58
502,89.11,58.06,100.0,74.0,85.33,87.42
503,95.44,93.55,66.67,88.0,68.0,73.17
504,97.85,90.32,83.33,84.0,67.67,82.17
505,98.73,83.87,83.33,80.0,94.0,89.33
506,98.73,93.55,100.0,82.0,53.67,62.33
507,26.58,0.0,25.0,0.0,31.33,44.75
508,38.73,25.81,25.0,18.0,20.67,29.75
509,95.06,80.65,100.0,75.0,61.33,83.17
510,97.22,87.1,100.0,80.0,58.67,76.25
511,86.96,51.61,91.67,80.0,90.67,80.83
512,97.09,87.1,100.0,92.0,92.0,88.25
513,97.72,90.32,100.0,82.0,71.33,83.0
514,94.68,67.74,91.67,82.0,98.67,95.67
515,91.14,77.42,66.67,76.0,70.33,80.83
516,83.04,64.52,83.33,67.0,33.0,57.0
517,96.2,61.29,100.0,84.0,63.33,83.17
518,90.51,80.65,66.67,74.0,72.0,80.67
519,91.57,67.74,100.0,84.0,95.33,86.17
520,90.76,74.19,100.0,100.0,93.33,86.5
521,99.24,87.1,100.0,102.0,99.33,94.5
522,88.35,48.39,100.0,89.0,78.67,86.33
523,90.63,70.97,83.33,78.0,70.0,86.17
524,97.09,93.55,100.0,96.0,96.67,93.58
525,96.08,80.65,91.67,84.0,89.67,91.92
526,32.28,12.9,25.0,0.0,22.0,29.58
527,95.7,64.52,83.33,78.0,97.33,94.58
528,97.34,90.32,83.33,98.0,88.67,86.83
529,91.39,93.55,100.0,69.0,60.33,70.67
530,50.0,35.48,41.67,29.0,19.33,39.08
531,100.0,83.87,100.0,104.0,94.67,95.0
532,96.96,77.42,100.0,84.0,92.67,82.83
533,90.76,77.42,100.0,90.0,89.33,90.58
534,97.97,90.32,91.67,102.0,98.67,92.58
535,81.52,38.71,100.0,97.0,94.67,83.17
536,89.24,77.42,100.0,84.0,79.33,81.08
537,97.72,90.32,100.0,101.0,99.33,94.5
538,88.73,77.42,91.67,88.0,89.33,90.33
539,86.46,64.52,91.67,76.0,91.33,77.5
540,92.41,70.97,91.67,87.0,62.0,72.0
541,94.3,87.1,100.0,84.0,88.0,81.25
542,87.85,77.42,83.33,73.0,98.0,92.42
543,28.1,16.13,25.0,6.0,19.33,26.17
544,88.86,80.65,91.67,80.0,86.0,82.42
545,93.67,74.19,100.0,83.0,94.0,90.17
546,92.03,90.32,100.0,78.0,86.0,83.67
547,98.73,93.55,100.0,102.0,98.0,91.17
548,99.62,83.87,91.67,94.0,88.0,92.08
549,98.1,83.87,100.0,94.0,83.67,87.42
550,27.85,9.68,16.67,20.0,26.67,30.75
551,92.66,90.32,83.33,80.0,98.0,91.0
552,31.14,9.68,16.67,0.0,0.0,29.42
553,68.48,80.65,75.0,14.0,52.33,52.0
554,72.53,54.84,91.67,51.0,52.0,66.92
555,93.67,87.1,100.0,82.0,65.67,75.83
556,82.66,90.32,83.33,74.0,66.67,67.08
557,39.24,25.81,25.0,0.0,8.67,24.75
558,98.1,80.65,100.0,84.0,88.0,87.58
559,100.0,90.32,100.0,104.0,99.33,96.25
560,30.38,6.45,16.67,20.0,0.0,29.75
561,93.54,77.42,83.33,76.6,65.67,70.42
562,97.47,83.87,83.33,101.0,75.67,79.08
563,97.09,80.65,100.0,80.0,62.0,73.75
564,84.43,35.48,75.0,84.0,97.33,85.92
565,85.32,19.35,83.33,78.0,92.0,82.92
566,100.0,90.32,100.0,104.0,99.33,91.33
567,99.49,96.77,100.0,104.0,97.33,95.42
568,37.97,19.35,25.0,30.0,30.67,30.17
569,54.81,41.94,50.0,54.0,20.33,43.25
570,98.61,58.06,100.0,100.0,85.33,77.92
571,60.63,38.71,41.67,19.0,22.0,52.33
572,98.73,93.55,100.0,95.0,83.33,82.75
573,97.47,83.87,91.67,82.0,96.0,90.0
574,99.62,80.65,100.0,93.0,94.0,88.0
575,100.0,93.55,91.67,104.0,97.33,95.67
576,73.92,32.26,75.0,74.0,57.67,65.17
577,92.03,96.77,83.33,102.0,83.0,81.75
578,45.06,29.03,33.33,0.0,7.33,27.75
579,99.24,87.1,91.67,102.0,92.0,91.5
580,84.18,48.39,100.0,71.6,86.67,86.67
581,95.95,87.1,100.0,83.0,93.67,87.17
582,78.61,61.29,91.67,84.0,76.67,82.67
583,91.77,61.29,100.0,80.0,55.67,67.0
584,98.99,96.77,100.0,84.0,85.67,83.75
585,93.42,96.77,91.67,80.0,98.67,90.92
586,98.35,74.19,83.33,98.6,86.33,95.42
587,77.97,45.16,75.0,72.0,89.33,75.25
588,97.85,87.1,100.0,102.0,98.0,97.42
589,93.54,90.32,100.0,84.0,85.33,84.0
590,42.53,25.81,33.33,18.0,17.33,30.5
591,99.29,100.0,83.33,80.0,85.33,82.33
592,84.81,16.13,66.67,0.0,14.67,39.92
593,97.59,87.1,91.67,102.0,80.0,79.42
594,84.05,67.74,83.33,72.0,88.67,90.92
595,98.73,90.32,100.0,100.0,94.67,94.08
596,86.96,12.9,100.0,56.0,82.67,78.25
597,93.67,83.87,100.0,78.0,82.67,84.75
598,96.58,93.55,100.0,84.0,87.33,84.58
599,95.82,100.0,100.0,84.0,96.67,84.67
600,91.77,74.19,58.33,35.0,92.67,87.5
601,83.42,29.03,91.67,77.0,80.0,73.33
602,92.78,83.87,91.67,80.0,84.0,81.33
603,97.22,93.55,91.67,84.0,89.33,88.08
604,100.0,96.77,100.0,96.0,96.0,93.42
605,48.48,22.58,25.0,35.0,23.33,37.33
606,94.43,83.87,83.33,82.0,82.0,80.58
607,74.05,58.06,83.33,66.0,96.0,70.17
608,94.81,87.1,83.33,88.0,83.33,82.42
609,51.01,35.48,41.67,34.0,23.33,33.75
610,51.01,45.16,41.67,28.0,10.67,29.92
611,97.47,93.55,91.67,79.6,82.67,88.83
612,98.61,100.0,100.0,100.0,100.0,96.83
613,85.95,58.06,100.0,64.0,55.33,68.83
614,60.76,0.0,0.0,87.6,0.0,0.0
615,95.44,93.55,83.33,80.0,90.0,87.67
616,90.89,70.97,91.67,80.0,94.0,91.5
617,0.0,0.0,100.0,0.0,0.0,0.0
618,84.68,0.0,0.0,47.0,0.0,0.0
619,37.34,22.58,25.0,18.0,16.0,25.58
620,27.47,6.45,25.0,20.0,18.33,25.92
621,7.59,0.0,16.67,0.0,0.0,0.0
622,87.59,67.74,91.67,68.0,77.33,69.67
623,22.78,0.0,0.0,0.0,0.0,0.0
624,95.32,80.65,91.67,73.0,78.0,68.42
625,82.15,87.1,100.0,67.0,60.67,58.0
626,11.39,0.0,58.33,0.0,0.0,0.0
627,98.35,83.87,91.67,86.0,89.33,83.67
628,55.7,0.0,0.0,20.0,0.0,0.0
629,3.8,0.0,91.67,0.0,0.0,0.0
630,89.75,74.19,91.67,68.0,69.67,73.92
631,85.57,83.87,83.33,81.6,75.33,72.33
632,50.76,35.48,41.67,31.0,21.0,36.92
633,7.59,0.0,41.67,0.0,0.0,0.0
634,83.67,58.06,75.0,76.0,72.33,74.92
635,24.05,9.68,16.67,0.0,0.0,24.83
636,48.35,32.26,58.33,20.0,32.67,62.0
637,24.05,6.45,8.33,0.0,0.0,22.0
638,87.59,74.19,75.0,80.0,77.33,81.5
639,80.0,93.55,83.33,70.0,54.0,68.25
640,24.56,9.68,16.67,0.0,0.0,24.0
641,37.34,25.81,41.67,20.0,15.33,32.0
642,0.0,0.0,16.67,0.0,0.0,0.0
643,91.9,67.74,100.0,78.0,84.0,85.25
644,79.62,64.52,91.67,78.0,96.0,82.33
645,16.46,0.0,58.33,0.0,0.0,0.0
646,43.54,29.03,25.0,4.0,8.67,25.58
647,44.43,0.0,0.0,0.0,0.0,0.0
648,48.1,0.0,91.67,16.0,0.0,0.0
649,2.53,0.0,0.0,62.0,0.0,0.0
650,29.11,9.68,16.67,0.0,0.0,21.67
651,94.81,64.52,100.0,78.0,84.33,83.42
652,43.67,29.03,33.33,20.0,18.67,32.5
653,69.49,45.16,91.67,24.0,48.0,68.5
654,10.13,0.0,0.0,0.0,0.0,14.92
655,76.96,29.03,66.67,81.0,58.0,73.08
656,1.27,0.0,100.0,0.0,0.0,0.0
657,93.54,93.55,91.67,92.0,90.67,89.58
658,25.32,12.9,25.0,0.0,0.0,26.25
659,87.72,93.55,83.33,84.0,77.67,78.58
660,97.47,87.1,100.0,84.0,72.67,83.17
661,92.03,35.48,100.0,80.0,97.33,93.75
662,80.76,29.03,50.0,29.0,58.0,53.17
663,97.34,96.77,100.0,84.0,66.67,76.75
664,27.85,0.0,16.67,0.0,0.0,0.0
665,6.33,0.0,75.0,18.0,0.0,0.0
666,96.58,93.55,100.0,94.0,90.0,91.25
667,91.77,90.32,91.67,80.0,80.67,82.75
668,91.9,80.65,100.0,78.0,85.67,85.67
669,73.92,70.97,91.67,66.0,55.33,72.0
670,39.37,22.58,33.33,18.0,16.67,38.17
671,11.39,0.0,0.0,0.0,0.0,0.0
672,2.53,0.0,100.0,80.0,0.0,0.0
673,39.11,29.03,33.33,20.0,12.67,24.75
674,80.38,67.74,83.33,85.0,68.0,74.83
675,88.61,61.29,83.33,76.0,92.67,77.08
676,11.39,0.0,0.0,0.0,0.0,0.0
677,15.19,0.0,0.0,0.0,0.0,0.0
678,22.66,3.23,8.33,0.0,0.0,21.58
679,5.06,0.0,91.67,66.0,0.0,0.0
680,43.04,0.0,66.67,20.0,0.0,0.0
681,0.0,0.0,100.0,58.0,0.0,0.0
682,20.89,6.45,16.67,0.0,0.0,21.92
683,3.8,0.0,83.33,0.0,0.0,0.0
684,0.0,0.0,100.0,0.0,0.0,0.0
685,13.92,0.0,0.0,0.0,0.0,16.42
686,0.0,0.0,83.33,0.0,0.0,0.0
687,86.08,77.42,91.67,98.0,86.67,88.75
688,26.33,29.03,33.33,0.0,10.0,29.33
689,78.35,87.1,83.33,73.0,96.0,78.42
690,14.43,35.48,25.0,0.0,8.67,15.25
691,0.0,0.0,100.0,0.0,0.0,0.0
692,0.0,0.0,100.0,0.0,0.0,0.0
693,98.73,100.0,100.0,84.0,94.0,96.25
694,93.67,64.52,91.67,104.0,90.0,87.0
695,13.04,0.0,0.0,0.0,0.0,15.17
696,2.53,0.0,83.33,0.0,0.0,0.0
697,58.86,51.61,66.67,61.0,81.33,73.33
698,0.0,0.0,16.67,0.0,0.0,0.0
699,5.06,0.0,50.0,0.0,0.0,0.0
700,48.86,35.48,50.0,19.0,19.33,45.75
701,37.59,35.48,50.0,20.0,16.67,32.58
702,81.52,64.52,50.0,45.0,46.67,52.83
703,25.32,0.0,0.0,12.0,0.0,0.0
704,0.0,0.0,100.0,0.0,0.0,0.0
705,92.28,83.87,100.0,84.0,92.0,89.25
706,13.92,0.0,0.0,0.0,0.0,14.67
707,0.0,0.0,100.0,0.0,0.0,0.0
708,31.65,25.81,16.67,16.0,28.67,29.58
709,1.27,0.0,100.0,0.0,0.0,0.0
710,88.99,87.1,91.67,84.0,60.67,72.75
711,89.87,61.29,91.67,88.0,92.67,80.83
712,94.05,83.87,100.0,98.0,76.0,81.0
713,1.27,0.0,91.67,0.0,0.0,0.0
714,79.49,77.42,83.33,40.0,65.33,62.25
715,88.48,80.65,91.67,72.0,84.0,79.58
716,5.06,0.0,58.33,0.0,0.0,0.0
717,13.92,0.0,0.0,0.0,0.0,16.58
718,95.19,90.32,75.0,100.0,95.33,89.92
719,70.89,70.97,100.0,91.0,72.0,74.17
720,90.63,96.77,100.0,71.6,90.67,80.33
721,95.7,74.19,100.0,82.0,68.67,75.83
722,98.73,96.77,100.0,84.0,94.0,87.17
723,0.0,0.0,100.0,14.0,0.0,0.0
724,94.56,58.06,100.0,98.6,98.0,92.25
725,93.67,87.1,100.0,84.0,87.33,86.25
726,94.81,100.0,91.67,65.6,70.0,75.92
727,95.82,80.65,91.67,84.0,96.0,79.75
728,0.0,0.0,25.0,0.0,0.0,0.0
729,94.56,74.19,100.0,96.0,94.67,82.83
730,98.48,96.77,100.0,90.0,91.0,85.42
731,77.85,70.97,75.0,98.0,90.33,72.92
732,21.77,0.0,0.0,0.0,0.0,6.42
733,19.75,0.0,0.0,0.0,0.0,0.0
734,97.34,80.65,91.67,85.0,68.0,78.25
735,45.44,19.35,33.33,52.0,32.67,54.92
736,67.85,48.39,91.67,0.0,48.33,64.42
737,98.61,93.55,83.33,80.0,81.33,85.5
738,78.73,3.23,83.33,18.0,90.67,81.67
739,87.34,58.06,100.0,81.0,86.33,73.42
740,85.32,90.32,100.0,80.0,91.33,84.17
741,100.0,83.87,100.0,84.0,86.67,85.58
742,92.03,77.42,100.0,98.0,94.67,87.58
743,12.66,0.0,0.0,0.0,0.0,0.0
744,43.42,32.26,8.33,0.0,0.0,27.0
745,94.3,87.1,91.67,80.0,72.0,74.08
746,86.96,77.42,91.67,87.0,96.0,87.42
747,88.61,58.06,100.0,70.0,54.67,79.92
748,82.28,96.77,100.0,72.0,87.67,82.92
749,29.11,12.9,16.67,0.0,12.67,24.08
750,18.35,0.0,16.67,0.0,0.0,13.0
751,98.99,87.1,100.0,92.0,97.33,92.33
752,67.85,41.94,91.67,74.0,70.67,66.25
753,96.46,64.52,75.0,77.0,95.33,90.33
754,93.29,87.1,83.33,74.0,84.67,83.75
755,86.2,54.84,83.33,82.0,88.67,81.33
756,19.11,6.45,8.33,0.0,0.0,17.25
757,89.75,74.19,83.33,73.6,74.67,79.42
758,46.84,19.35,41.67,30.0,29.33,44.67
759,58.35,54.84,75.0,55.0,39.33,46.83
760,68.48,77.42,91.67,77.0,50.67,71.08
761,76.84,83.87,83.33,40.0,44.67,67.58
762,8.86,0.0,0.0,14.0,0.0,0.0
763,30.38,0.0,0.0,69.0,0.0,0.0
764,14.68,0.0,0.0,0.0,0.0,0.0
765,37.09,12.9,50.0,20.0,16.67,26.67
766,57.09,38.71,66.67,78.0,47.67,53.33
767,1.27,0.0,100.0,0.0,0.0,0.0
768,93.67,90.32,100.0,69.0,45.67,78.83
769,0.0,0.0,33.33,0.0,0.0,0.0
770,2.03,0.0,50.0,0.0,0.0,0.0
771,92.41,83.87,83.33,78.0,70.0,76.5
772,0.0,0.0,50.0,0.0,0.0,0.0
773,50.76,35.48,33.33,28.0,62.67,52.25
774,0.0,0.0,100.0,0.0,0.0,0.0
775,43.04,0.0,0.0,0.0,0.0,0.0
776,51.39,12.9,25.0,0.0,54.67,44.08
777,2.53,0.0,0.0,18.0,0.0,0.0
778,0.0,0.0,25.0,25.0,0.0,0.0
779,29.11,12.9,16.67,12.0,0.0,25.58
780,57.97,64.52,91.67,71.0,82.0,60.08
781,18.99,6.45,16.67,14.0,0.0,25.5
782,78.35,70.97,66.67,74.0,86.0,80.67
783,90.89,74.19,100.0,98.0,83.33,82.17
784,15.19,0.0,0.0,0.0,0.0,0.0
785,71.14,74.19,83.33,75.0,94.67,66.17
786,51.39,35.48,41.67,20.0,26.0,39.33
787,93.67,87.1,91.67,102.0,98.67,85.33
788,45.95,35.48,41.67,18.0,11.0,28.17
789,0.0,0.0,16.67,10.0,0.0,0.0
